latitude,longitude,image_path,confidence_score,timestamp,bbox
13.82985641,121.3624476,frame_1156.jpg,0.69065541,2025-06-17 02:34:44.591000+00:00,"[532, 711, 773, 956]"
13.82985641,121.3624476,frame_1158.jpg,0.63564986,2025-06-17 02:34:44.664000+00:00,"[488, 698, 759, 1007]"
13.82985641,121.3624476,frame_1161.jpg,0.830830932,2025-06-17 02:34:44.764000+00:00,"[454, 729, 742, 1065]"
13.82985641,121.3624476,frame_1165.jpg,0.791547596,2025-06-17 02:34:44.898000+00:00,"[415, 747, 724, 1066]"
13.82991571,121.3615695,frame_1377.jpg,0.824411571,2025-06-17 02:34:51.961000+00:00,"[1361, 780, 1421, 817]"
13.82991534,121.3614526,frame_1381.jpg,0.675746441,2025-06-17 02:34:52.092000+00:00,"[1382, 811, 1447, 856]"
13.8290668,121.3673363,frame_14.jpg,0.631089211,2025-06-17 02:34:06.523000+00:00,"[654, 709, 868, 892]"
13.82991534,121.3614526,frame_1403.jpg,0.56242913,2025-06-17 02:34:52.830000+00:00,"[334, 926, 405, 946]"
13.82988341,121.3610877,frame_1483.jpg,0.656749666,2025-06-17 02:34:55.491000+00:00,"[526, 812, 737, 1035]"
13.82988341,121.3610877,frame_1483.jpg,0.515317678,2025-06-17 02:34:55.491000+00:00,"[1764, 775, 1835, 821]"
13.82988341,121.3610877,frame_1484.jpg,0.638525307,2025-06-17 02:34:55.532000+00:00,"[1768, 779, 1849, 826]"
13.8298655,121.3609566,frame_1508.jpg,0.851578116,2025-06-17 02:34:56.331000+00:00,"[750, 865, 818, 891]"
13.8298655,121.3609566,frame_1520.jpg,0.861998022,2025-06-17 02:34:56.731000+00:00,"[529, 799, 839, 1076]"
13.8298655,121.3609566,frame_1522.jpg,0.837989688,2025-06-17 02:34:56.791000+00:00,"[1662, 838, 1748, 919]"
13.8298655,121.3609566,frame_1522.jpg,0.571676731,2025-06-17 02:34:56.791000+00:00,"[556, 797, 804, 1071]"
13.8298655,121.3609566,frame_1525.jpg,0.836128354,2025-06-17 02:34:56.892000+00:00,"[1655, 844, 1741, 921]"
13.8298655,121.3609566,frame_1526.jpg,0.746028066,2025-06-17 02:34:56.931000+00:00,"[1651, 851, 1747, 921]"
13.8298387,121.3608334,frame_1539.jpg,0.582901239,2025-06-17 02:34:57.363000+00:00,"[1650, 832, 1743, 913]"
13.8298387,121.3608334,frame_1541.jpg,0.960611284,2025-06-17 02:34:57.431000+00:00,"[1648, 841, 1752, 913]"
13.8298387,121.3608334,frame_1543.jpg,0.961997628,2025-06-17 02:34:57.497000+00:00,"[1652, 827, 1741, 908]"
13.8298387,121.3608334,frame_1554.jpg,0.793081343,2025-06-17 02:34:57.861000+00:00,"[1622, 832, 1734, 913]"
13.8298387,121.3608334,frame_1557.jpg,0.989035189,2025-06-17 02:34:57.961000+00:00,"[1635, 829, 1740, 909]"
13.82981714,121.3607169,frame_1563.jpg,0.803417265,2025-06-17 02:34:58.161000+00:00,"[1637, 828, 1730, 902]"
13.82981714,121.3607169,frame_1564.jpg,0.970069051,2025-06-17 02:34:58.192000+00:00,"[1626, 828, 1741, 914]"
13.82981714,121.3607169,frame_1565.jpg,0.97923559,2025-06-17 02:34:58.231000+00:00,"[1640, 832, 1744, 914]"
13.82981714,121.3607169,frame_1568.jpg,0.668201804,2025-06-17 02:34:58.331000+00:00,"[1645, 823, 1743, 917]"
13.82981714,121.3607169,frame_1569.jpg,0.615536332,2025-06-17 02:34:58.360000+00:00,"[1647, 827, 1749, 912]"
13.82981714,121.3607169,frame_1584.jpg,0.59687525,2025-06-17 02:34:58.861000+00:00,"[1652, 845, 1748, 924]"
13.8290668,121.3673363,frame_16.jpg,0.835769117,2025-06-17 02:34:06.592000+00:00,"[648, 711, 865, 916]"
13.8290668,121.3673363,frame_17.jpg,0.53955245,2025-06-17 02:34:06.632000+00:00,"[716, 721, 844, 838]"
13.82970453,121.3600536,frame_1728.jpg,0.727211714,2025-06-17 02:35:03.663000+00:00,"[1329, 742, 1443, 781]"
13.82970453,121.3600536,frame_1729.jpg,0.76064527,2025-06-17 02:35:03.696000+00:00,"[1329, 742, 1444, 781]"
13.82970453,121.3600536,frame_1733.jpg,0.918928027,2025-06-17 02:35:03.831000+00:00,"[1350, 768, 1468, 815]"
13.82970453,121.3600536,frame_1736.jpg,0.889696717,2025-06-17 02:35:03.929000+00:00,"[1378, 791, 1482, 844]"
13.82970453,121.3600536,frame_1737.jpg,0.632890344,2025-06-17 02:35:03.963000+00:00,"[1383, 795, 1497, 864]"
13.82970453,121.3600536,frame_1738.jpg,0.660417974,2025-06-17 02:35:03.992000+00:00,"[1382, 795, 1498, 865]"
13.82970453,121.3600536,frame_1739.jpg,0.794009447,2025-06-17 02:35:04.031000+00:00,"[1384, 776, 1453, 812]"
13.82967398,121.3599277,frame_1745.jpg,0.888613582,2025-06-17 02:35:04.231000+00:00,"[1412, 864, 1556, 938]"
13.82967398,121.3599277,frame_1746.jpg,0.598277807,2025-06-17 02:35:04.262000+00:00,"[1407, 895, 1576, 967]"
13.82967398,121.3599277,frame_1747.jpg,0.526148856,2025-06-17 02:35:04.291000+00:00,"[1410, 895, 1575, 969]"
13.82957541,121.3594276,frame_1880.jpg,0.691640317,2025-06-17 02:35:08.731000+00:00,"[659, 174, 712, 220]"
13.82952402,121.3591801,frame_1946.jpg,0.722925842,2025-06-17 02:35:10.931000+00:00,"[1649, 858, 1737, 938]"
13.82921786,121.3664926,frame_195.jpg,0.583684683,2025-06-17 02:34:12.561000+00:00,"[674, 74, 994, 393]"
13.82941843,121.3585486,frame_2099.jpg,0.697774231,2025-06-17 02:35:16.029000+00:00,"[1678, 854, 1768, 926]"
13.8290668,121.3673363,frame_21.jpg,0.690496683,2025-06-17 02:34:06.767000+00:00,"[692, 739, 827, 859]"
13.82936982,121.3583107,frame_2142.jpg,0.859090328,2025-06-17 02:35:17.461000+00:00,"[1668, 842, 1768, 919]"
13.82936982,121.3583107,frame_2153.jpg,0.815206349,2025-06-17 02:35:17.831000+00:00,"[1681, 821, 1772, 911]"
13.82934897,121.35818,frame_2165.jpg,0.526734531,2025-06-17 02:35:18.231000+00:00,"[1664, 832, 1778, 921]"
13.82934897,121.35818,frame_2189.jpg,0.541469872,2025-06-17 02:35:19.031000+00:00,"[1672, 825, 1759, 913]"
13.82928315,121.3577919,frame_2261.jpg,0.594391167,2025-06-17 02:35:21.428000+00:00,"[776, 679, 853, 706]"
13.82928315,121.3577919,frame_2263.jpg,0.622382104,2025-06-17 02:35:21.495000+00:00,"[761, 687, 844, 712]"
13.82928315,121.3577919,frame_2264.jpg,0.907034695,2025-06-17 02:35:21.530000+00:00,"[1646, 845, 1746, 923]"
13.82928315,121.3577919,frame_2270.jpg,0.784719527,2025-06-17 02:35:21.730000+00:00,"[706, 723, 803, 746]"
13.82928315,121.3577919,frame_2272.jpg,0.943920791,2025-06-17 02:35:21.795000+00:00,"[692, 736, 788, 760]"
13.82928315,121.3577919,frame_2273.jpg,0.581422567,2025-06-17 02:35:21.828000+00:00,"[681, 742, 778, 765]"
13.82928315,121.3577919,frame_2274.jpg,0.688295424,2025-06-17 02:35:21.861000+00:00,"[671, 749, 769, 776]"
13.82928315,121.3577919,frame_2277.jpg,0.784317613,2025-06-17 02:35:21.962000+00:00,"[649, 772, 749, 800]"
13.82928315,121.3577919,frame_2278.jpg,0.86673677,2025-06-17 02:35:21.994000+00:00,"[636, 782, 748, 806]"
13.82928315,121.3577919,frame_2279.jpg,0.947340608,2025-06-17 02:35:22.030000+00:00,"[627, 789, 732, 814]"
13.82928315,121.3577919,frame_2280.jpg,0.70137763,2025-06-17 02:35:22.061000+00:00,"[617, 794, 723, 823]"
13.82926383,121.3576608,frame_2282.jpg,0.778431833,2025-06-17 02:35:22.130000+00:00,"[606, 817, 705, 838]"
13.82926383,121.3576608,frame_2283.jpg,0.933688462,2025-06-17 02:35:22.160000+00:00,"[585, 823, 699, 849]"
13.82926383,121.3576608,frame_2284.jpg,0.961464226,2025-06-17 02:35:22.191000+00:00,"[571, 836, 684, 861]"
13.82926383,121.3576608,frame_2287.jpg,0.940968096,2025-06-17 02:35:22.291000+00:00,"[531, 866, 653, 897]"
13.82926383,121.3576608,frame_2288.jpg,0.920060635,2025-06-17 02:35:22.330000+00:00,"[516, 882, 640, 908]"
13.82926383,121.3576608,frame_2290.jpg,0.732567608,2025-06-17 02:35:22.392000+00:00,"[484, 907, 611, 936]"
13.82926383,121.3576608,frame_2291.jpg,0.952818036,2025-06-17 02:35:22.431000+00:00,"[476, 921, 597, 948]"
13.8290668,121.3673363,frame_28.jpg,0.646026492,2025-06-17 02:34:06.992000+00:00,"[573, 767, 783, 952]"
13.82884984,121.3549959,frame_2859.jpg,0.924419105,2025-06-17 02:35:41.362000+00:00,"[1137, 776, 1204, 812]"
13.82884984,121.3549959,frame_2860.jpg,0.926144779,2025-06-17 02:35:41.391000+00:00,"[1136, 777, 1202, 811]"
13.82884984,121.3549959,frame_2862.jpg,0.652227223,2025-06-17 02:35:41.460000+00:00,"[1148, 817, 1211, 844]"
13.82884984,121.3549959,frame_2863.jpg,0.688441336,2025-06-17 02:35:41.491000+00:00,"[1149, 817, 1210, 844]"
13.82884984,121.3549959,frame_2864.jpg,0.940092266,2025-06-17 02:35:41.522000+00:00,"[1153, 824, 1219, 861]"
13.82884984,121.3549959,frame_2870.jpg,0.708765805,2025-06-17 02:35:41.731000+00:00,"[1160, 913, 1244, 954]"
13.82884984,121.3549959,frame_2871.jpg,0.822710037,2025-06-17 02:35:41.760000+00:00,"[1169, 953, 1256, 993]"
13.82884984,121.3549959,frame_2872.jpg,0.71619308,2025-06-17 02:35:41.790000+00:00,"[1170, 953, 1257, 993]"
13.82884984,121.3549959,frame_2874.jpg,0.505979657,2025-06-17 02:35:41.860000+00:00,"[492, 636, 544, 678]"
13.82880685,121.3547078,frame_2923.jpg,0.605198264,2025-06-17 02:35:43.490000+00:00,"[1561, 776, 1753, 865]"
13.82878559,121.3545629,frame_2962.jpg,0.809351683,2025-06-17 02:35:44.790000+00:00,"[1009, 745, 1063, 774]"
13.82876717,121.3544152,frame_2972.jpg,0.964449048,2025-06-17 02:35:45.123000+00:00,"[972, 877, 1027, 909]"
13.82876717,121.3544152,frame_2974.jpg,0.843814254,2025-06-17 02:35:45.193000+00:00,"[961, 916, 1023, 951]"
13.82876717,121.3544152,frame_2977.jpg,0.760002553,2025-06-17 02:35:45.291000+00:00,"[939, 981, 1002, 1025]"
13.82876717,121.3544152,frame_2978.jpg,0.794826984,2025-06-17 02:35:45.326000+00:00,"[935, 1003, 1001, 1044]"
13.82867082,121.3538081,frame_3101.jpg,0.940524101,2025-06-17 02:35:49.428000+00:00,"[1659, 822, 1739, 906]"
13.82864909,121.353654,frame_3133.jpg,0.637319088,2025-06-17 02:35:50.498000+00:00,"[570, 919, 707, 1080]"
13.82862569,121.3535035,frame_3156.jpg,0.813095212,2025-06-17 02:35:51.251000+00:00,"[899, 561, 970, 611]"
13.82862569,121.3535035,frame_3157.jpg,0.74493289,2025-06-17 02:35:51.290000+00:00,"[895, 559, 968, 616]"
13.82862569,121.3535035,frame_3158.jpg,0.534958124,2025-06-17 02:35:51.332000+00:00,"[893, 558, 965, 618]"
13.82860363,121.3533565,frame_3186.jpg,0.716949224,2025-06-17 02:35:52.260000+00:00,"[63, 431, 616, 699]"
13.82858067,121.3532096,frame_3221.jpg,0.579871953,2025-06-17 02:35:53.423000+00:00,"[717, 893, 848, 951]"
13.82855818,121.3530638,frame_3258.jpg,0.704416096,2025-06-17 02:35:54.664000+00:00,"[868, 570, 928, 603]"
13.82853849,121.352921,frame_3284.jpg,0.69781661,2025-06-17 02:35:55.529000+00:00,"[1477, 836, 1533, 860]"
13.82853849,121.352921,frame_3288.jpg,0.862644792,2025-06-17 02:35:55.651000+00:00,"[585, 738, 804, 777]"
13.82853849,121.352921,frame_3291.jpg,0.89759481,2025-06-17 02:35:55.757000+00:00,"[1598, 969, 1666, 994]"
13.82853849,121.352921,frame_3295.jpg,0.983652353,2025-06-17 02:35:55.899000+00:00,"[471, 814, 754, 882]"
13.82853849,121.352921,frame_3296.jpg,0.960377812,2025-06-17 02:35:55.918000+00:00,"[431, 832, 744, 897]"
13.82853849,121.352921,frame_3298.jpg,0.756434023,2025-06-17 02:35:55.999000+00:00,"[413, 871, 648, 925]"
13.82853849,121.352921,frame_3299.jpg,0.867463231,2025-06-17 02:35:56.021000+00:00,"[370, 879, 660, 954]"
13.82853849,121.352921,frame_3299.jpg,0.691796362,2025-06-17 02:35:56.021000+00:00,"[142, 872, 678, 973]"
13.82852068,121.3527811,frame_3302.jpg,0.704098761,2025-06-17 02:35:56.137000+00:00,"[231, 953, 642, 1070]"
13.8285041,121.3526448,frame_3359.jpg,0.607903779,2025-06-17 02:35:58.018000+00:00,"[688, 919, 750, 945]"
13.82932587,121.3659609,frame_336.jpg,0.611725152,2025-06-17 02:34:17.261000+00:00,"[863, 593, 948, 662]"
13.82932587,121.3659609,frame_338.jpg,0.89348346,2025-06-17 02:34:17.322000+00:00,"[859, 599, 949, 670]"
13.82847562,121.3523764,frame_3395.jpg,0.505312562,2025-06-17 02:35:59.220000+00:00,"[619, 750, 706, 803]"
13.82847562,121.3523764,frame_3396.jpg,0.751494169,2025-06-17 02:35:59.258000+00:00,"[614, 763, 693, 824]"
13.82847562,121.3523764,frame_3414.jpg,0.619181216,2025-06-17 02:35:59.855000+00:00,"[646, 646, 807, 792]"
13.82847562,121.3523764,frame_3420.jpg,0.721675038,2025-06-17 02:36:00.059000+00:00,"[559, 508, 917, 911]"
13.82846574,121.3522405,frame_3429.jpg,0.721151531,2025-06-17 02:36:00.359000+00:00,"[696, 486, 963, 743]"
13.82846574,121.3522405,frame_3452.jpg,0.577439964,2025-06-17 02:36:01.114000+00:00,"[572, 613, 842, 900]"
13.8284564,121.3521035,frame_3459.jpg,0.852105618,2025-06-17 02:36:01.361000+00:00,"[1147, 641, 1206, 664]"
13.8284564,121.3521035,frame_3459.jpg,0.686123371,2025-06-17 02:36:01.361000+00:00,"[373, 746, 688, 1080]"
13.8284564,121.3521035,frame_3460.jpg,0.948147058,2025-06-17 02:36:01.404000+00:00,"[1151, 649, 1207, 673]"
13.8284564,121.3521035,frame_3461.jpg,0.766878426,2025-06-17 02:36:01.426000+00:00,"[1146, 656, 1202, 677]"
13.8284564,121.3521035,frame_3462.jpg,0.628358543,2025-06-17 02:36:01.468000+00:00,"[361, 844, 617, 1072]"
13.8284564,121.3521035,frame_3464.jpg,0.51619643,2025-06-17 02:36:01.523000+00:00,"[354, 875, 587, 1076]"
13.8284564,121.3521035,frame_3465.jpg,0.936875999,2025-06-17 02:36:01.563000+00:00,"[1145, 685, 1211, 710]"
13.8284564,121.3521035,frame_3466.jpg,0.964870155,2025-06-17 02:36:01.598000+00:00,"[1149, 690, 1215, 721]"
13.8284564,121.3521035,frame_3466.jpg,0.522601843,2025-06-17 02:36:01.598000+00:00,"[352, 914, 538, 1076]"
13.8284564,121.3521035,frame_3467.jpg,0.825271547,2025-06-17 02:36:01.633000+00:00,"[1154, 701, 1223, 731]"
13.8284564,121.3521035,frame_3469.jpg,0.902519166,2025-06-17 02:36:01.690000+00:00,"[750, 595, 885, 684]"
13.8284564,121.3521035,frame_3470.jpg,0.957689047,2025-06-17 02:36:01.726000+00:00,"[1161, 729, 1233, 759]"
13.8284564,121.3521035,frame_3470.jpg,0.819816232,2025-06-17 02:36:01.726000+00:00,"[749, 593, 889, 685]"
13.8284564,121.3521035,frame_3471.jpg,0.888678133,2025-06-17 02:36:01.764000+00:00,"[738, 593, 890, 690]"
13.8284564,121.3521035,frame_3471.jpg,0.874232888,2025-06-17 02:36:01.764000+00:00,"[1162, 736, 1237, 765]"
13.8284564,121.3521035,frame_3472.jpg,0.769348919,2025-06-17 02:36:01.802000+00:00,"[728, 598, 887, 699]"
13.8284564,121.3521035,frame_3474.jpg,0.941444635,2025-06-17 02:36:01.858000+00:00,"[1173, 768, 1257, 801]"
13.8284564,121.3521035,frame_3475.jpg,0.967952251,2025-06-17 02:36:01.897000+00:00,"[1175, 788, 1260, 820]"
13.8284564,121.3521035,frame_3477.jpg,0.949747622,2025-06-17 02:36:01.957000+00:00,"[1181, 815, 1271, 848]"
13.8284564,121.3521035,frame_3478.jpg,0.982717812,2025-06-17 02:36:01.995000+00:00,"[1184, 832, 1276, 864]"
13.8284564,121.3521035,frame_3479.jpg,0.905525804,2025-06-17 02:36:02.036000+00:00,"[1187, 846, 1286, 882]"
13.8284564,121.3521035,frame_3479.jpg,0.590592504,2025-06-17 02:36:02.036000+00:00,"[176, 59, 537, 340]"
13.8284564,121.3521035,frame_3480.jpg,0.990926266,2025-06-17 02:36:02.058000+00:00,"[1192, 868, 1291, 905]"
13.8284564,121.3521035,frame_3482.jpg,0.816826999,2025-06-17 02:36:02.118000+00:00,"[1199, 904, 1311, 944]"
13.82845081,121.351969,frame_3484.jpg,0.983447909,2025-06-17 02:36:02.196000+00:00,"[1205, 956, 1325, 998]"
13.82845081,121.351969,frame_3485.jpg,0.927958965,2025-06-17 02:36:02.234000+00:00,"[1212, 983, 1336, 1028]"
13.82845081,121.351969,frame_3486.jpg,0.639539301,2025-06-17 02:36:02.253000+00:00,"[1217, 1009, 1345, 1057]"
13.82845081,121.351969,frame_3500.jpg,0.841729522,2025-06-17 02:36:02.722000+00:00,"[521, 136, 832, 443]"
13.82845081,121.351969,frame_3512.jpg,0.55437839,2025-06-17 02:36:03.116000+00:00,"[699, 682, 833, 784]"
13.82844454,121.3518366,frame_3521.jpg,0.536646545,2025-06-17 02:36:03.417000+00:00,"[504, 752, 747, 987]"
13.82844454,121.3518366,frame_3522.jpg,0.535584688,2025-06-17 02:36:03.458000+00:00,"[507, 763, 726, 989]"
13.82844454,121.3518366,frame_3524.jpg,0.914182186,2025-06-17 02:36:03.534000+00:00,"[429, 795, 701, 1062]"
13.82844454,121.3518366,frame_3525.jpg,0.783918321,2025-06-17 02:36:03.554000+00:00,"[851, 563, 928, 614]"
13.82844454,121.3518366,frame_3525.jpg,0.51961267,2025-06-17 02:36:03.554000+00:00,"[424, 781, 708, 1069]"
13.82844454,121.3518366,frame_3528.jpg,0.910531938,2025-06-17 02:36:03.666000+00:00,"[401, 873, 632, 1076]"
13.82844454,121.3518366,frame_3537.jpg,0.709905565,2025-06-17 02:36:03.962000+00:00,"[779, 604, 875, 664]"
13.82844454,121.3518366,frame_3539.jpg,0.783126593,2025-06-17 02:36:04.015000+00:00,"[771, 606, 870, 669]"
13.8284408,121.3517058,frame_3558.jpg,0.597405136,2025-06-17 02:36:04.658000+00:00,"[558, 719, 743, 848]"
13.8284408,121.3517058,frame_3559.jpg,0.879999816,2025-06-17 02:36:04.699000+00:00,"[544, 726, 750, 868]"
13.8284408,121.3517058,frame_3560.jpg,0.811258197,2025-06-17 02:36:04.717000+00:00,"[511, 748, 736, 882]"
13.8284408,121.3517058,frame_3562.jpg,0.792182267,2025-06-17 02:36:04.797000+00:00,"[486, 769, 716, 921]"
13.8284408,121.3517058,frame_3563.jpg,0.917855501,2025-06-17 02:36:04.836000+00:00,"[459, 793, 692, 955]"
13.82843547,121.3514355,frame_3608.jpg,0.73256284,2025-06-17 02:36:06.328000+00:00,"[515, 616, 866, 966]"
13.82843547,121.3514355,frame_3609.jpg,0.919245899,2025-06-17 02:36:06.364000+00:00,"[479, 717, 758, 977]"
13.82843547,121.3514355,frame_3610.jpg,0.829960525,2025-06-17 02:36:06.385000+00:00,"[453, 704, 777, 999]"
13.82843547,121.3514355,frame_3612.jpg,0.693899989,2025-06-17 02:36:06.461000+00:00,"[400, 670, 770, 1061]"
13.82843547,121.3514355,frame_3631.jpg,0.637165606,2025-06-17 02:36:07.086000+00:00,"[801, 565, 872, 621]"
13.82843203,121.3512978,frame_3632.jpg,0.561606467,2025-06-17 02:36:07.138000+00:00,"[388, 934, 529, 1072]"
13.82843203,121.3512978,frame_3634.jpg,0.601631343,2025-06-17 02:36:07.202000+00:00,"[782, 577, 857, 633]"
13.82843203,121.3512978,frame_3635.jpg,0.701281726,2025-06-17 02:36:07.219000+00:00,"[776, 578, 855, 636]"
13.82843203,121.3512978,frame_3636.jpg,0.709820688,2025-06-17 02:36:07.252000+00:00,"[770, 582, 850, 644]"
13.82843203,121.3512978,frame_3648.jpg,0.707737207,2025-06-17 02:36:07.666000+00:00,"[675, 633, 797, 721]"
13.82934033,121.3658355,frame_365.jpg,0.544873178,2025-06-17 02:34:18.232000+00:00,"[680, 701, 835, 853]"
13.82934033,121.3658355,frame_366.jpg,0.501860797,2025-06-17 02:34:18.261000+00:00,"[677, 718, 821, 868]"
13.82843213,121.3510142,frame_3709.jpg,0.968182027,2025-06-17 02:36:09.686000+00:00,"[1337, 728, 1429, 756]"
13.82843213,121.3510142,frame_3710.jpg,0.91361618,2025-06-17 02:36:09.728000+00:00,"[1348, 732, 1440, 759]"
13.82843213,121.3510142,frame_3711.jpg,0.57537514,2025-06-17 02:36:09.764000+00:00,"[1351, 742, 1445, 769]"
13.82843213,121.3510142,frame_3713.jpg,0.956745207,2025-06-17 02:36:09.822000+00:00,"[1365, 763, 1465, 797]"
13.82843213,121.3510142,frame_3714.jpg,0.969562709,2025-06-17 02:36:09.857000+00:00,"[1374, 770, 1474, 805]"
13.82843213,121.3510142,frame_3715.jpg,0.978161931,2025-06-17 02:36:09.895000+00:00,"[1378, 783, 1486, 818]"
13.82843213,121.3510142,frame_3717.jpg,0.934259236,2025-06-17 02:36:09.956000+00:00,"[1392, 814, 1511, 849]"
13.82843213,121.3510142,frame_3718.jpg,0.968942165,2025-06-17 02:36:09.991000+00:00,"[1404, 824, 1521, 863]"
13.82843213,121.3510142,frame_3720.jpg,0.966878653,2025-06-17 02:36:10.052000+00:00,"[1426, 866, 1544, 901]"
13.82843213,121.3510142,frame_3722.jpg,0.949181616,2025-06-17 02:36:10.111000+00:00,"[539, 739, 761, 952]"
13.82843308,121.3508724,frame_3727.jpg,0.580044866,2025-06-17 02:36:10.301000+00:00,"[438, 772, 766, 1080]"
13.82843116,121.3507293,frame_3753.jpg,0.600210786,2025-06-17 02:36:11.164000+00:00,"[846, 565, 920, 609]"
13.82843116,121.3507293,frame_3754.jpg,0.531404614,2025-06-17 02:36:11.185000+00:00,"[842, 566, 917, 615]"
13.82843116,121.3507293,frame_3755.jpg,0.634450376,2025-06-17 02:36:11.224000+00:00,"[837, 572, 919, 618]"
13.82843116,121.3507293,frame_3756.jpg,0.876900375,2025-06-17 02:36:11.262000+00:00,"[829, 572, 913, 620]"
13.82843116,121.3507293,frame_3757.jpg,0.779626012,2025-06-17 02:36:11.297000+00:00,"[834, 579, 905, 622]"
13.82843116,121.3507293,frame_3758.jpg,0.944714546,2025-06-17 02:36:11.317000+00:00,"[823, 580, 909, 624]"
13.82843116,121.3507293,frame_3759.jpg,0.634587646,2025-06-17 02:36:11.358000+00:00,"[818, 582, 904, 631]"
13.82843116,121.3507293,frame_3760.jpg,0.932733655,2025-06-17 02:36:11.392000+00:00,"[816, 584, 898, 633]"
13.82843116,121.3507293,frame_3765.jpg,0.835255027,2025-06-17 02:36:11.569000+00:00,"[777, 606, 876, 662]"
13.82843116,121.3507293,frame_3766.jpg,0.844811141,2025-06-17 02:36:11.588000+00:00,"[771, 606, 871, 666]"
13.82842969,121.3505983,frame_3784.jpg,0.528813064,2025-06-17 02:36:12.185000+00:00,"[607, 526, 947, 830]"
13.82934033,121.3658355,frame_384.jpg,0.532020926,2025-06-17 02:34:18.861000+00:00,"[1671, 729, 1842, 848]"
13.82843013,121.3503264,frame_3846.jpg,0.8121804,2025-06-17 02:36:14.263000+00:00,"[711, 509, 941, 758]"
13.82843013,121.3503264,frame_3854.jpg,0.8146469,2025-06-17 02:36:14.524000+00:00,"[613, 530, 935, 852]"
13.82843013,121.3503264,frame_3867.jpg,0.707773387,2025-06-17 02:36:14.952000+00:00,"[551, 652, 816, 751]"
13.82843013,121.3503264,frame_3872.jpg,0.57758826,2025-06-17 02:36:15.112000+00:00,"[460, 658, 785, 823]"
13.82842792,121.3501832,frame_3893.jpg,0.973647833,2025-06-17 02:36:15.820000+00:00,"[631, 584, 877, 761]"
13.82842792,121.3501832,frame_3894.jpg,0.847089231,2025-06-17 02:36:15.858000+00:00,"[625, 571, 860, 757]"
13.82842792,121.3501832,frame_3897.jpg,0.645723999,2025-06-17 02:36:15.952000+00:00,"[1687, 919, 1755, 944]"
13.82842792,121.3501832,frame_3898.jpg,0.950743079,2025-06-17 02:36:15.989000+00:00,"[566, 613, 860, 809]"
13.82842792,121.3501832,frame_3899.jpg,0.567859352,2025-06-17 02:36:16.029000+00:00,"[565, 618, 855, 798]"
13.82842792,121.3501832,frame_3900.jpg,0.830045164,2025-06-17 02:36:16.051000+00:00,"[589, 624, 846, 780]"
13.82842792,121.3501832,frame_3900.jpg,0.556718647,2025-06-17 02:36:16.051000+00:00,"[365, 941, 443, 1018]"
13.82842792,121.3501832,frame_3901.jpg,0.693542063,2025-06-17 02:36:16.089000+00:00,"[514, 627, 840, 855]"
13.82842422,121.3500403,frame_3902.jpg,0.933412731,2025-06-17 02:36:16.143000+00:00,"[511, 628, 849, 871]"
13.82842422,121.3500403,frame_3905.jpg,0.794854939,2025-06-17 02:36:16.222000+00:00,"[513, 650, 810, 854]"
13.82842422,121.3500403,frame_3906.jpg,0.880773842,2025-06-17 02:36:16.254000+00:00,"[493, 673, 812, 898]"
13.82842422,121.3500403,frame_3925.jpg,0.564359665,2025-06-17 02:36:16.898000+00:00,"[431, 835, 495, 929]"
13.82842258,121.3499022,frame_3957.jpg,0.563953936,2025-06-17 02:36:17.964000+00:00,"[741, 737, 813, 767]"
13.8284156,121.3494352,frame_4078.jpg,0.719850957,2025-06-17 02:36:21.990000+00:00,"[311, 628, 370, 656]"
13.82841446,121.3493374,frame_4097.jpg,0.728663623,2025-06-17 02:36:22.618000+00:00,"[1261, 74, 1572, 415]"
13.82938547,121.3654367,frame_464.jpg,0.550939083,2025-06-17 02:34:21.532000+00:00,"[1570, 830, 1680, 852]"
13.82938547,121.3654367,frame_479.jpg,0.635725737,2025-06-17 02:34:22.022000+00:00,"[745, 789, 842, 814]"
13.82940727,121.3652871,frame_481.jpg,0.780233085,2025-06-17 02:34:22.092000+00:00,"[721, 809, 821, 839]"
13.82940727,121.3652871,frame_487.jpg,0.828746021,2025-06-17 02:34:22.299000+00:00,"[665, 878, 781, 911]"
13.82940727,121.3652871,frame_488.jpg,0.73375839,2025-06-17 02:34:22.333000+00:00,"[653, 897, 764, 928]"
13.82940727,121.3652871,frame_489.jpg,0.812227249,2025-06-17 02:34:22.361000+00:00,"[635, 911, 766, 946]"
13.82940727,121.3652871,frame_491.jpg,0.56650877,2025-06-17 02:34:22.431000+00:00,"[613, 949, 738, 986]"
13.82940727,121.3652871,frame_492.jpg,0.802538991,2025-06-17 02:34:22.465000+00:00,"[609, 967, 728, 1005]"
13.82940727,121.3652871,frame_493.jpg,0.527492523,2025-06-17 02:34:22.492000+00:00,"[917, 558, 978, 611]"
13.82945483,121.3650056,frame_552.jpg,0.633227348,2025-06-17 02:34:24.461000+00:00,"[640, 665, 849, 887]"
13.82945483,121.3650056,frame_553.jpg,0.576617718,2025-06-17 02:34:24.492000+00:00,"[639, 666, 848, 886]"
13.82962574,121.3638951,frame_824.jpg,0.5167045,2025-06-17 02:34:33.522000+00:00,"[542, 641, 755, 859]"
13.82962574,121.3638951,frame_825.jpg,0.715708792,2025-06-17 02:34:33.561000+00:00,"[526, 641, 742, 873]"
13.82962574,121.3638951,frame_833.jpg,0.523306251,2025-06-17 02:34:33.831000+00:00,"[330, 671, 735, 1054]"
13.82967019,121.3636269,frame_888.jpg,0.769568443,2025-06-17 02:34:35.661000+00:00,"[330, 618, 723, 959]"
13.82967019,121.3636269,frame_889.jpg,0.718198299,2025-06-17 02:34:35.693000+00:00,"[315, 629, 704, 985]"
13.82967019,121.3636269,frame_890.jpg,0.666672051,2025-06-17 02:34:35.731000+00:00,"[310, 613, 716, 1007]"
13.82967019,121.3636269,frame_891.jpg,0.640240729,2025-06-17 02:34:35.761000+00:00,"[296, 624, 711, 1031]"
13.82967019,121.3636269,frame_893.jpg,0.500463188,2025-06-17 02:34:35.832000+00:00,"[216, 674, 665, 1076]"
13.82967019,121.3636269,frame_894.jpg,0.508672118,2025-06-17 02:34:35.865000+00:00,"[157, 669, 650, 1080]"
13.82967019,121.3636269,frame_895.jpg,0.709346414,2025-06-17 02:34:35.893000+00:00,"[216, 671, 688, 1080]"
